ano,mes,habitação,alimentação,transporte,despesas pessoais,saúde,vestuário,educação,geral
1994,6,0.100000,0.100000,0.100000,0.100000,0.100000,0.100000,0.100000,0.100000
1994,7,0.105330,0.108770,0.109970,0.107770,0.107950,0.102070,0.101480,0.106950
1994,8,0.109238,0.111750,0.110531,0.107479,0.109612,0.102682,0.100902,0.109035
1994,9,0.113476,0.111449,0.111382,0.106662,0.110698,0.100814,0.100831,0.109930
1994,10,0.118333,0.118570,0.111594,0.107185,0.111971,0.100269,0.101022,0.113414
1994,11,0.122830,0.124202,0.111437,0.108117,0.113997,0.104531,0.101720,0.116839
1994,12,0.127767,0.124326,0.111293,0.109285,0.116471,0.103464,0.102838,0.118300
1995,1,0.131230,0.123307,0.111025,0.110957,0.120582,0.103040,0.104422,0.119246
1995,2,0.135469,0.124034,0.110692,0.113498,0.123898,0.101618,0.105425,0.120820
1995,3,0.141036,0.124952,0.110847,0.114656,0.127070,0.099261,0.121101,0.123140
1995,4,0.145676,0.125964,0.111845,0.118806,0.130565,0.105524,0.130160,0.126391
1995,5,0.151256,0.124289,0.112482,0.121218,0.133764,0.114029,0.139063,0.128881
1995,6,0.158093,0.124202,0.117645,0.122794,0.141134,0.118214,0.145307,0.132309
1995,7,0.167167,0.127046,0.124398,0.127251,0.149870,0.116689,0.150407,0.137231
1995,8,0.174038,0.128711,0.124249,0.130420,0.153287,0.110318,0.152031,0.139193
1995,9,0.178197,0.128363,0.124547,0.132076,0.154222,0.109788,0.152731,0.140224
1995,10,0.181476,0.129185,0.128707,0.135338,0.156212,0.109448,0.153616,0.142299
1995,11,0.184416,0.131923,0.128681,0.136814,0.156915,0.108365,0.154569,0.143964
1995,12,0.191387,0.132345,0.129440,0.137375,0.161434,0.106414,0.155450,0.145706
1996,1,0.196497,0.134675,0.128716,0.137622,0.165905,0.105158,0.180695,0.148358
1996,2,0.200741,0.134459,0.129501,0.138682,0.167432,0.100016,0.185321,0.148951
1996,3,0.205378,0.134163,0.129708,0.138390,0.169441,0.093935,0.194049,0.149294
1996,4,0.207802,0.135049,0.135752,0.139636,0.170170,0.098059,0.194010,0.151712
1996,5,0.210108,0.135117,0.136160,0.141968,0.173403,0.105864,0.195252,0.153745
1996,6,0.212735,0.135576,0.143539,0.142976,0.175744,0.107188,0.196345,0.155913
1996,7,0.215671,0.137040,0.149812,0.142890,0.183459,0.105473,0.196562,0.157955
1996,8,0.220221,0.136643,0.149408,0.143404,0.186266,0.103089,0.196070,0.158492
1996,9,0.222688,0.136055,0.149602,0.144308,0.187365,0.100718,0.195541,0.158603
1996,10,0.224068,0.136926,0.151307,0.144250,0.187964,0.101453,0.195287,0.159523
1996,11,0.225323,0.137077,0.151686,0.144308,0.187964,0.102752,0.195462,0.160066
1996,12,0.226315,0.135144,0.155326,0.145029,0.190596,0.103091,0.196928,0.160338
1997,1,0.227061,0.137184,0.159598,0.146973,0.192883,0.100297,0.214317,0.162310
1997,2,0.228038,0.138227,0.159246,0.147120,0.193365,0.096656,0.213931,0.162326
1997,3,0.228950,0.140425,0.159167,0.146899,0.194100,0.092461,0.214402,0.162667
1997,4,0.230026,0.139905,0.159055,0.146752,0.196119,0.098998,0.214852,0.163708
1997,5,0.234534,0.137988,0.159087,0.146150,0.198511,0.104245,0.215110,0.164608
1997,6,0.238990,0.139272,0.163685,0.145975,0.200377,0.107050,0.215131,0.166946
1997,7,0.240783,0.138882,0.165649,0.145785,0.201379,0.105176,0.214852,0.167130
1997,8,0.242059,0.136910,0.165152,0.146193,0.203031,0.099455,0.214143,0.165859
1997,9,0.242930,0.136882,0.164789,0.147261,0.204025,0.097495,0.214528,0.165876
1997,10,0.243222,0.137813,0.164327,0.148394,0.204372,0.096579,0.214357,0.166241
1997,11,0.244341,0.138902,0.165625,0.148498,0.204904,0.096801,0.215386,0.167122
1997,12,0.245172,0.140027,0.167481,0.148884,0.205867,0.097091,0.215450,0.168075
1998,1,0.244804,0.141441,0.168402,0.148244,0.206216,0.094577,0.224908,0.168478
1998,2,0.244559,0.141894,0.171467,0.145502,0.208856,0.091541,0.224346,0.168208
1998,3,0.244070,0.143015,0.171878,0.145269,0.209838,0.086799,0.224817,0.167821
1998,4,0.244241,0.143530,0.171483,0.145225,0.208558,0.092519,0.224502,0.168862
1998,5,0.243655,0.144577,0.170934,0.144702,0.208328,0.097460,0.224772,0.169740
1998,6,0.244215,0.144303,0.170900,0.144442,0.208870,0.099604,0.225266,0.170063
1998,7,0.243580,0.142167,0.169909,0.144254,0.208953,0.097711,0.225739,0.168753
1998,8,0.243702,0.140219,0.166731,0.143807,0.208933,0.094301,0.225514,0.167066
1998,9,0.243263,0.140023,0.165514,0.143289,0.209183,0.089577,0.226032,0.165963
1998,10,0.242947,0.140471,0.164803,0.143132,0.209476,0.089729,0.226417,0.165996
1998,11,0.242097,0.139741,0.163385,0.142674,0.210021,0.089289,0.226303,0.165266
1998,12,0.242242,0.139224,0.164545,0.142602,0.210903,0.088066,0.226168,0.165067
1999,1,0.242678,0.140323,0.168675,0.142930,0.210987,0.086076,0.229040,0.165893
1999,2,0.244474,0.144631,0.173213,0.144031,0.210924,0.084406,0.229429,0.168232
1999,3,0.245598,0.145760,0.175828,0.145529,0.210629,0.083553,0.227594,0.169174
1999,4,0.246826,0.144040,0.176619,0.145776,0.213388,0.089009,0.228208,0.169969
1999,5,0.247073,0.141216,0.176354,0.145951,0.215970,0.090709,0.228186,0.169340
1999,6,0.247123,0.139522,0.177571,0.145864,0.217223,0.092551,0.228710,0.169205
1999,7,0.250879,0.139103,0.185047,0.146155,0.219460,0.094300,0.228962,0.171049
1999,8,0.256072,0.140230,0.186861,0.146360,0.222093,0.091584,0.229283,0.172315
1999,9,0.258172,0.141464,0.189439,0.148790,0.221605,0.091978,0.229672,0.173883
1999,10,0.258946,0.143968,0.195103,0.149519,0.221760,0.092567,0.229948,0.175848
1999,11,0.259490,0.147510,0.204644,0.150266,0.221427,0.092252,0.230914,0.178450
1999,12,0.259750,0.149235,0.206097,0.150462,0.221826,0.092058,0.231375,0.179325
2000,1,0.260789,0.150131,0.206488,0.150477,0.222558,0.091699,0.248358,0.180347
2000,2,0.261936,0.148059,0.207232,0.150070,0.221868,0.090727,0.248532,0.179932
2000,3,0.262905,0.147452,0.210278,0.150085,0.221868,0.089929,0.249328,0.180346
2000,4,0.263063,0.146612,0.210383,0.150821,0.222711,0.091673,0.249826,0.180508
2000,5,0.263116,0.145776,0.210783,0.150956,0.224159,0.092627,0.250526,0.180562
2000,6,0.263642,0.145455,0.211331,0.151107,0.226154,0.093331,0.250801,0.180887
2000,7,0.264907,0.149106,0.217312,0.152891,0.228144,0.093443,0.251027,0.183420
2000,8,0.269093,0.152640,0.222592,0.152508,0.231498,0.094013,0.251203,0.186263
2000,9,0.270734,0.152640,0.222993,0.152569,0.231799,0.094558,0.251052,0.186766
2000,10,0.271222,0.151770,0.223484,0.152752,0.232169,0.094823,0.251554,0.186784
2000,11,0.271384,0.150176,0.225026,0.153272,0.231798,0.095212,0.251781,0.186691
2000,12,0.272416,0.149005,0.229099,0.153486,0.232169,0.095078,0.252184,0.187176
2001,1,0.272661,0.149646,0.230473,0.153640,0.232680,0.094603,0.262422,0.187888
2001,2,0.273342,0.149541,0.230681,0.154009,0.234727,0.093458,0.262422,0.188094
2001,3,0.273698,0.151874,0.231903,0.153562,0.236675,0.093514,0.262448,0.189054
2001,4,0.273698,0.155701,0.232367,0.152994,0.237740,0.093748,0.263209,0.190207
2001,5,0.274026,0.154564,0.235643,0.154019,0.236623,0.094114,0.263683,0.190530
2001,6,0.274711,0.154302,0.245635,0.155266,0.236765,0.094641,0.264105,0.192150
2001,7,0.279629,0.155521,0.250155,0.156648,0.237452,0.094783,0.265320,0.194475
2001,8,0.286172,0.156003,0.251430,0.158371,0.238354,0.095967,0.265930,0.196711
2001,9,0.288404,0.155862,0.251958,0.158751,0.238807,0.096188,0.265877,0.197341
2001,10,0.289990,0.158309,0.253369,0.159815,0.238473,0.096881,0.266170,0.198801
2001,11,0.290976,0.159132,0.254053,0.162276,0.240476,0.098547,0.265930,0.200014
2001,12,0.291151,0.158989,0.254663,0.163737,0.242231,0.099276,0.266568,0.200514
2002,1,0.292869,0.160420,0.252142,0.165210,0.242934,0.099842,0.278857,0.201657
2002,2,0.293630,0.161816,0.251108,0.164533,0.246408,0.099393,0.279861,0.202181
2002,3,0.293160,0.161379,0.253468,0.163941,0.248477,0.099602,0.280197,0.202322
2002,4,0.291841,0.160104,0.258031,0.164908,0.248875,0.099801,0.280365,0.202444
2002,5,0.291578,0.159544,0.259424,0.165485,0.249597,0.099990,0.280645,0.202565
2002,6,0.292628,0.160118,0.259502,0.166346,0.250196,0.100300,0.280870,0.203193
2002,7,0.294033,0.161911,0.261267,0.167527,0.251722,0.100391,0.281853,0.204555
2002,8,0.299707,0.164340,0.259830,0.168247,0.254113,0.100571,0.282247,0.206621
2002,9,0.302315,0.166674,0.260453,0.169425,0.254545,0.101004,0.281993,0.208191
2002,10,0.304008,0.171440,0.262771,0.172068,0.256022,0.102276,0.282360,0.210856
2002,11,0.307170,0.182190,0.272678,0.174563,0.257839,0.103371,0.283433,0.216444
2002,12,0.310364,0.188311,0.274641,0.179887,0.264827,0.104146,0.283943,0.220404
2003,1,0.312382,0.191852,0.291559,0.183862,0.266628,0.103573,0.306289,0.225231
2003,2,0.314412,0.195420,0.304563,0.185793,0.269454,0.104506,0.307698,0.228857
2003,3,0.316078,0.197667,0.305842,0.186072,0.273388,0.105268,0.308560,0.230391
2003,4,0.317501,0.199150,0.306270,0.187467,0.276423,0.106290,0.309146,0.231704
2003,5,0.318898,0.199688,0.304249,0.189079,0.277722,0.107661,0.309548,0.232422
2003,6,0.320397,0.196992,0.301358,0.189514,0.279971,0.108834,0.310229,0.232050
2003,7,0.321069,0.195593,0.299882,0.190689,0.280727,0.108693,0.310291,0.231865
2003,8,0.327523,0.194987,0.301081,0.190289,0.281626,0.108323,0.310415,0.233326
2003,9,0.330569,0.196859,0.303279,0.191754,0.283963,0.109201,0.310788,0.235286
2003,10,0.334404,0.198473,0.303885,0.191620,0.284531,0.109757,0.310881,0.236768
2003,11,0.335240,0.198056,0.304676,0.193536,0.286750,0.109944,0.311067,0.237407
2003,12,0.335575,0.199066,0.305833,0.196168,0.286120,0.111153,0.311752,0.238404
2004,1,0.335709,0.200141,0.307638,0.197855,0.286806,0.110275,0.340682,0.239954
2004,2,0.336850,0.200381,0.308068,0.198033,0.288756,0.109338,0.341670,0.240410
2004,3,0.337760,0.200582,0.306805,0.198667,0.289854,0.109447,0.341773,0.240698
2004,4,0.338098,0.199980,0.309199,0.199144,0.296491,0.109644,0.342080,0.241396
2004,5,0.339416,0.202080,0.311023,0.199801,0.298804,0.109951,0.342183,0.242772
2004,6,0.340197,0.204889,0.317523,0.200880,0.301284,0.111392,0.342696,0.245006
2004,7,0.342034,0.205688,0.321143,0.202226,0.307400,0.109476,0.343279,0.246451
2004,8,0.348122,0.207868,0.324515,0.201316,0.309275,0.109607,0.343691,0.248891
2004,9,0.350106,0.206683,0.325943,0.201658,0.310234,0.110396,0.344000,0.249414
2004,10,0.352522,0.207262,0.330245,0.202283,0.311413,0.111611,0.344069,0.250960
2004,11,0.354320,0.206785,0.335397,0.204731,0.312534,0.111934,0.344413,0.252366
2004,12,0.355348,0.207757,0.339925,0.207433,0.314441,0.112841,0.344757,0.254056
2005,1,0.356556,0.207882,0.343426,0.208574,0.315447,0.112536,0.363512,0.255479
2005,2,0.358374,0.208194,0.347101,0.208699,0.316172,0.111614,0.363985,0.256399
2005,3,0.358768,0.208797,0.361575,0.208574,0.317974,0.111368,0.364494,0.258424
2005,4,0.359307,0.212034,0.366348,0.209387,0.323666,0.112292,0.364640,0.260569
2005,5,0.359810,0.213476,0.366384,0.210581,0.326385,0.112719,0.364932,0.261481
2005,6,0.360565,0.210508,0.365981,0.210897,0.328865,0.112539,0.365735,0.260958
2005,7,0.361395,0.208951,0.368141,0.213744,0.332549,0.113529,0.365991,0.261741
2005,8,0.361828,0.206422,0.370276,0.211692,0.335708,0.113336,0.366101,0.261218
2005,9,0.362624,0.206154,0.375867,0.212200,0.340475,0.113982,0.366284,0.262367
2005,10,0.364764,0.207082,0.380490,0.213919,0.342211,0.113993,0.366650,0.264020
2005,11,0.364946,0.208614,0.381746,0.214111,0.343101,0.114438,0.366687,0.264786
2005,12,0.365202,0.208760,0.384456,0.215503,0.343581,0.115434,0.367310,0.265553
2006,1,0.366041,0.208321,0.388685,0.217421,0.345265,0.115168,0.383876,0.266881
2006,2,0.365968,0.207863,0.390590,0.216704,0.347129,0.114028,0.384720,0.266801
2006,3,0.366481,0.206907,0.395628,0.216335,0.348726,0.113777,0.384759,0.267175
2006,4,0.366297,0.205583,0.395470,0.216898,0.353120,0.114926,0.385259,0.267202
2006,5,0.366261,0.203753,0.393058,0.216941,0.355945,0.115374,0.385644,0.266614
2006,6,0.366883,0.201003,0.391800,0.216290,0.356159,0.115894,0.385798,0.265787
2006,7,0.367120,0.201619,0.393452,0.217070,0.359116,0.114811,0.385935,0.266353
2006,8,0.366496,0.202550,0.394033,0.217423,0.360815,0.114671,0.386024,0.266674
2006,9,0.366470,0.204325,0.393588,0.217932,0.361989,0.114978,0.386433,0.267335
2006,10,0.368048,0.206815,0.392873,0.217723,0.362579,0.114873,0.386761,0.268367
2006,11,0.368259,0.209049,0.393704,0.219379,0.363645,0.114918,0.387143,0.269488
2006,12,0.368868,0.208895,0.412340,0.222727,0.365300,0.115724,0.387346,0.272295
2007,1,0.369250,0.211598,0.415532,0.224235,0.366728,0.115334,0.399851,0.274105
2007,2,0.369865,0.212845,0.417364,0.225070,0.370004,0.114499,0.400324,0.275021
2007,3,0.369974,0.214165,0.417915,0.223699,0.370650,0.114509,0.400640,0.275329
2007,4,0.370924,0.213883,0.421080,0.224672,0.373107,0.115545,0.401019,0.276229
2007,5,0.371979,0.215132,0.422193,0.225726,0.374689,0.115644,0.401292,0.277232
2007,6,0.372471,0.219216,0.421535,0.227094,0.375566,0.115789,0.401553,0.278749
2007,7,0.372127,0.221545,0.419916,0.229061,0.377854,0.115070,0.402631,0.279515
2007,8,0.369080,0.224776,0.419711,0.229491,0.380397,0.113860,0.402894,0.279707
2007,9,0.369901,0.226303,0.419655,0.229540,0.380917,0.113781,0.403082,0.280366
2007,10,0.369774,0.226855,0.419847,0.229816,0.382669,0.113380,0.403160,0.280592
2007,11,0.369222,0.230834,0.421950,0.229239,0.385089,0.114009,0.403274,0.281915
2007,12,0.369903,0.235495,0.424187,0.231940,0.386177,0.115082,0.403675,0.284227
2008,1,0.369851,0.237953,0.425426,0.233788,0.387562,0.114100,0.421399,0.285704
2008,2,0.371141,0.237597,0.427001,0.233786,0.389777,0.114173,0.422119,0.286246
2008,3,0.372776,0.238229,0.428030,0.234492,0.391085,0.114263,0.422639,0.287142
2008,4,0.374526,0.240228,0.429096,0.235383,0.395002,0.114998,0.422816,0.288686
2008,5,0.377292,0.247849,0.430411,0.237238,0.397339,0.116777,0.422983,0.292233
2008,6,0.378422,0.254959,0.431046,0.239130,0.400595,0.117417,0.423318,0.295028
2008,7,0.378089,0.257699,0.432411,0.241965,0.402830,0.117386,0.423525,0.296357
2008,8,0.381990,0.256435,0.433666,0.243785,0.404589,0.116942,0.424018,0.297482
2008,9,0.384738,0.255612,0.434833,0.245758,0.406937,0.117620,0.424337,0.298610
2008,10,0.387656,0.256565,0.436415,0.246396,0.409517,0.118249,0.424489,0.300097
2008,11,0.388942,0.258110,0.437562,0.247504,0.410780,0.118706,0.424781,0.301262
2008,12,0.389844,0.256711,0.438367,0.249689,0.410959,0.120154,0.425118,0.301744
2009,1,0.390645,0.258469,0.437033,0.251154,0.412665,0.119478,0.450413,0.303146
2009,2,0.392090,0.259312,0.438507,0.251892,0.413515,0.118751,0.450988,0.303973
2009,3,0.393063,0.261125,0.438902,0.253898,0.414449,0.119411,0.451373,0.305192
2009,4,0.392918,0.260449,0.438795,0.258768,0.422139,0.119905,0.451471,0.306144
2009,5,0.393653,0.260627,0.438274,0.263113,0.425324,0.120230,0.451741,0.307162
2009,6,0.393991,0.261126,0.437196,0.263666,0.429033,0.120321,0.451981,0.307548
2009,7,0.394882,0.263475,0.438006,0.263688,0.432433,0.119398,0.452854,0.308567
2009,8,0.399732,0.264066,0.437768,0.264045,0.433057,0.119477,0.453055,0.310035
2009,9,0.401597,0.262413,0.438861,0.264531,0.435887,0.120376,0.453481,0.310537
2009,10,0.403726,0.261219,0.442512,0.265151,0.437116,0.120398,0.453617,0.311325
2009,11,0.404572,0.261998,0.444081,0.266328,0.438109,0.120813,0.454037,0.312215
2009,12,0.405018,0.261366,0.445976,0.267736,0.438988,0.121792,0.454510,0.312762
2010,1,0.405620,0.265329,0.466391,0.269322,0.440124,0.120958,0.474620,0.316938
2010,2,0.408756,0.267988,0.471687,0.270234,0.442353,0.120801,0.475630,0.319288
2010,3,0.409128,0.271814,0.469348,0.270795,0.442983,0.121334,0.476066,0.320359
2010,4,0.409254,0.275508,0.467105,0.271628,0.447335,0.122228,0.476632,0.321612
2010,5,0.410098,0.275821,0.466757,0.272298,0.452487,0.122784,0.476921,0.322317
2010,6,0.411201,0.272930,0.467023,0.274432,0.455712,0.123577,0.477277,0.322450
2010,7,0.412727,0.271827,0.468181,0.276142,0.457866,0.123267,0.478010,0.323002
2010,8,0.413845,0.271423,0.469834,0.276365,0.459962,0.123567,0.478307,0.323548
2010,9,0.415256,0.275684,0.469736,0.276890,0.460820,0.124239,0.478600,0.325267
2010,10,0.417277,0.283510,0.473874,0.278660,0.462537,0.123965,0.478956,0.328641
2010,11,0.418111,0.289246,0.475576,0.280298,0.463627,0.125012,0.479082,0.330991
2010,12,0.418989,0.293245,0.477443,0.281174,0.464671,0.125853,0.479584,0.332774
2011,1,0.420699,0.295373,0.492604,0.283573,0.466463,0.125905,0.506479,0.336587
2011,2,0.423738,0.294864,0.498324,0.287099,0.469808,0.125865,0.508076,0.338595
2011,3,0.424875,0.295133,0.503505,0.287684,0.472634,0.125895,0.508759,0.339776
2011,4,0.426365,0.296493,0.510732,0.290135,0.479976,0.126756,0.508972,0.342159
2011,5,0.427385,0.297071,0.511680,0.291324,0.483291,0.128145,0.509459,0.343230
2011,6,0.428900,0.295341,0.507057,0.293477,0.484777,0.129611,0.509743,0.343272
2011,7,0.430813,0.295949,0.508334,0.295042,0.487380,0.128617,0.511190,0.344316
2011,8,0.432245,0.298664,0.508924,0.294197,0.490607,0.129687,0.511217,0.345671
2011,9,0.432983,0.299780,0.509229,0.294648,0.493608,0.130514,0.511495,0.346535
2011,10,0.435849,0.301367,0.508638,0.297008,0.495101,0.129570,0.511406,0.347869
2011,11,0.437632,0.303603,0.509843,0.300901,0.497361,0.131332,0.511621,0.349963
2011,12,0.438397,0.307962,0.511005,0.304662,0.498538,0.131825,0.511815,0.352098
2012,1,0.439752,0.309491,0.512590,0.307297,0.500555,0.132611,0.544686,0.354420
2012,2,0.441528,0.306452,0.511790,0.308075,0.503072,0.132026,0.547226,0.354185
2012,3,0.441257,0.307890,0.513054,0.307427,0.504981,0.132263,0.547434,0.354705
2012,4,0.441244,0.309264,0.513989,0.313388,0.508656,0.133441,0.547635,0.356361
2012,5,0.441634,0.311565,0.513963,0.315923,0.512534,0.133283,0.547911,0.357598
2012,6,0.441754,0.314765,0.510235,0.317433,0.515431,0.133504,0.548518,0.358413
2012,7,0.442165,0.316437,0.508398,0.318471,0.517455,0.132668,0.550225,0.358894
2012,8,0.441603,0.319847,0.507180,0.319645,0.520278,0.132959,0.551105,0.359855
2012,9,0.442200,0.325398,0.507990,0.320096,0.523204,0.133455,0.551357,0.361824
2012,10,0.444451,0.332024,0.509929,0.322918,0.524281,0.133230,0.551542,0.364725
2012,11,0.445860,0.334979,0.510591,0.328216,0.526812,0.136183,0.552151,0.367192
2012,12,0.447949,0.339652,0.512070,0.334800,0.528089,0.136229,0.552951,0.370051
2013,1,0.449499,0.346815,0.513270,0.342888,0.530248,0.135777,0.586570,0.374300
2013,2,0.448553,0.348004,0.517581,0.342534,0.533308,0.136259,0.588176,0.375129
2013,3,0.443849,0.350692,0.519054,0.339036,0.534666,0.136858,0.588922,0.374473
2013,4,0.444963,0.351401,0.520494,0.338622,0.541677,0.137114,0.589979,0.375505
2013,5,0.444941,0.350427,0.520705,0.339644,0.546793,0.138318,0.590171,0.375870
2013,6,0.446422,0.350240,0.525498,0.340711,0.547842,0.138637,0.590216,0.377061
2013,7,0.448221,0.348822,0.518675,0.342241,0.549632,0.138279,0.590569,0.376566
2013,8,0.450210,0.348767,0.518115,0.344388,0.554176,0.137453,0.591106,0.377412
2013,9,0.451464,0.348737,0.518723,0.345199,0.558165,0.138975,0.591650,0.378354
2013,10,0.452214,0.352925,0.519446,0.348156,0.560737,0.138717,0.592336,0.380178
2013,11,0.454190,0.355742,0.519321,0.350718,0.563473,0.139184,0.593061,0.381930
2013,12,0.456734,0.358058,0.524003,0.353490,0.565451,0.140343,0.593485,0.384407
2014,1,0.459345,0.360578,0.527155,0.360433,0.567396,0.139987,0.634706,0.388016
2014,2,0.461605,0.362416,0.529715,0.363427,0.571282,0.139965,0.637325,0.390035
2014,3,0.461550,0.369676,0.534001,0.365870,0.574135,0.140596,0.637717,0.392920
2014,4,0.461716,0.374228,0.534842,0.369530,0.580725,0.140698,0.638257,0.395018
2014,5,0.460598,0.376973,0.534651,0.371708,0.585316,0.141461,0.639147,0.396009
2014,6,0.461906,0.375581,0.534515,0.371264,0.586883,0.142354,0.639362,0.396164
2014,7,0.463986,0.373416,0.534744,0.375071,0.590279,0.141543,0.641519,0.396808
2014,8,0.469569,0.371825,0.535350,0.376013,0.592300,0.141225,0.641572,0.398147
2014,9,0.468559,0.374494,0.536021,0.377111,0.595068,0.141538,0.642236,0.398966
2014,10,0.470337,0.377687,0.536409,0.376644,0.597679,0.142068,0.643606,0.400449
2014,11,0.471249,0.383550,0.537513,0.381299,0.601904,0.143084,0.643956,0.403218
2014,12,0.470839,0.385352,0.539165,0.384621,0.605146,0.143467,0.644244,0.404409
2015,1,0.472788,0.391413,0.561551,0.389096,0.608025,0.143169,0.688462,0.410966
2015,2,0.481378,0.395316,0.574976,0.389368,0.609374,0.142523,0.690551,0.415981
2015,3,0.487214,0.398166,0.576259,0.390745,0.612513,0.143369,0.691392,0.418878
2015,4,0.498404,0.401456,0.577569,0.390947,0.621559,0.144542,0.691938,0.423494
2015,5,0.502089,0.404977,0.579282,0.391983,0.628275,0.144970,0.692529,0.426099
2015,6,0.505163,0.407346,0.579532,0.395255,0.630934,0.145024,0.692696,0.428083
2015,7,0.511896,0.410469,0.580505,0.398883,0.641492,0.144758,0.693675,0.431705
2015,8,0.519640,0.408319,0.580785,0.402684,0.648540,0.145134,0.694426,0.434138
2015,9,0.526825,0.408138,0.581591,0.406684,0.653585,0.145885,0.696461,0.437024
2015,10,0.528663,0.413465,0.590595,0.410401,0.658949,0.146796,0.697921,0.440865
2015,11,0.531264,0.422828,0.597102,0.413778,0.663106,0.147524,0.699100,0.445527
2015,12,0.533828,0.429387,0.599229,0.419197,0.665455,0.148263,0.699983,0.449179
2016,1,0.537248,0.439501,0.612344,0.419797,0.669286,0.147692,0.753288,0.455314
2016,2,0.542141,0.443971,0.619020,0.423338,0.674062,0.148230,0.756231,0.459362
2016,3,0.544827,0.452292,0.621331,0.428312,0.678835,0.150413,0.757382,0.463832
2016,4,0.545293,0.455600,0.620630,0.430360,0.694589,0.151822,0.758045,0.465963
2016,5,0.548083,0.458697,0.616875,0.435946,0.705222,0.153135,0.759510,0.468614
2016,6,0.552491,0.464056,0.617433,0.437426,0.708185,0.153621,0.760755,0.471651
2016,7,0.553591,0.467688,0.617702,0.438563,0.718511,0.152115,0.767462,0.473289
2016,8,0.550455,0.471157,0.617587,0.438771,0.728659,0.152433,0.767071,0.473790
2016,9,0.551348,0.466027,0.619086,0.437260,0.732772,0.153718,0.767126,0.473129
2016,10,0.552438,0.464770,0.623493,0.441041,0.736871,0.154206,0.767558,0.474426
2016,11,0.554306,0.460514,0.626104,0.444534,0.740396,0.155826,0.768538,0.475142
2016,12,0.559097,0.461750,0.629429,0.449795,0.743028,0.158670,0.768784,0.478550
2017,1,0.559173,0.462483,0.632563,0.450317,0.748245,0.157299,0.818864,0.480096
2017,2,0.561204,0.459283,0.631480,0.449723,0.753438,0.156634,0.819952,0.479700
2017,3,0.562284,0.460830,0.628397,0.450469,0.758871,0.156570,0.820430,0.480352
2017,4,0.564754,0.466007,0.629421,0.452624,0.771490,0.156546,0.821905,0.483267
2017,5,0.562715,0.465019,0.631355,0.453168,0.777050,0.156727,0.822649,0.483031
2017,6,0.567671,0.461165,0.629251,0.454319,0.777379,0.156483,0.823840,0.483278
2017,7,0.566561,0.459958,0.630332,0.454466,0.786532,0.156498,0.826670,0.483217
2017,8,0.570616,0.453828,0.640299,0.452117,0.793629,0.156212,0.826983,0.483684
2017,9,0.571629,0.450152,0.644492,0.454134,0.796006,0.155923,0.827007,0.483773
2017,10,0.570797,0.454149,0.646580,0.455979,0.799549,0.156272,0.828378,0.485333
2017,11,0.572723,0.451078,0.652329,0.461892,0.802897,0.156639,0.829184,0.486735
2017,12,0.576895,0.452482,0.657313,0.465141,0.806521,0.156803,0.829818,0.489404
2018,1,0.575915,0.457688,0.668058,0.461458,0.809003,0.156523,0.854918,0.491670
2018,2,0.573388,0.453323,0.671090,0.457603,0.811375,0.156151,0.855022,0.489621
2018,3,0.574024,0.453492,0.671778,0.454010,0.815118,0.156705,0.855155,0.489637
2018,4,0.573251,0.453058,0.672135,0.452798,0.822497,0.156935,0.856083,0.489509
2018,5,0.571217,0.455847,0.676094,0.454228,0.826539,0.156780,0.856541,0.490463
2018,6,0.572025,0.470173,0.682932,0.455359,0.826805,0.157201,0.856463,0.495417
2018,7,0.579223,0.467422,0.680637,0.454728,0.833780,0.156988,0.858891,0.496548
2018,8,0.585735,0.465133,0.677765,0.460599,0.841868,0.157281,0.858885,0.498595
2018,9,0.587063,0.465484,0.684313,0.464994,0.846690,0.156971,0.859971,0.500523
2018,10,0.588005,0.471096,0.687978,0.466012,0.849707,0.157071,0.860316,0.502929
2018,11,0.587639,0.471479,0.684442,0.471341,0.857525,0.157464,0.860870,0.503706
2018,12,0.585117,0.475449,0.679151,0.474977,0.859799,0.157773,0.861332,0.504177
2019,1,0.585767,0.480820,0.687046,0.473907,0.861996,0.157912,0.889865,0.507094
2019,2,0.588144,0.488714,0.688585,0.472221,0.864512,0.158225,0.890143,0.509850
2019,3,0.589322,0.497258,0.693324,0.468258,0.868695,0.158298,0.890986,0.512454
2019,4,0.589735,0.498405,0.697360,0.469449,0.879723,0.158578,0.890907,0.513925
2019,5,0.590162,0.493155,0.701193,0.473411,0.881913,0.158780,0.891243,0.513836
2019,6,0.594223,0.490629,0.699192,0.477312,0.883485,0.158443,0.891384,0.514631
2019,7,0.597434,0.490079,0.698222,0.475729,0.887570,0.159055,0.895662,0.515371
2019,8,0.602741,0.490905,0.700133,0.474836,0.891122,0.158405,0.896005,0.517073
2019,9,0.605362,0.486051,0.701218,0.475282,0.900122,0.158701,0.896343,0.517081
2019,10,0.605876,0.485608,0.703237,0.478092,0.906466,0.158546,0.896676,0.517931
2019,11,0.605500,0.493493,0.705222,0.486308,0.910340,0.158646,0.896588,0.521464
2019,12,0.606900,0.508093,0.710059,0.488036,0.908866,0.158815,0.896972,0.526364
2020,1,0.605575,0.511128,0.717727,0.485644,0.911762,0.158804,0.924488,0.527874
2020,2,0.607335,0.511330,0.718373,0.485041,0.913382,0.158777,0.924494,0.528434
2020,3,0.606811,0.516080,0.716591,0.482283,0.914096,0.159016,0.924779,0.528970
2020,4,0.603722,0.522602,0.703851,0.474690,0.918149,0.158993,0.924970,0.527362
2020,5,0.602990,0.526047,0.695160,0.470729,0.919847,0.157060,0.925266,0.526085
2020,6,0.605719,0.529688,0.697493,0.472465,0.925197,0.155711,0.925588,0.528134
2020,7,0.608571,0.533040,0.701195,0.472065,0.929754,0.152906,0.916513,0.529429
2020,8,0.614533,0.539800,0.706202,0.474453,0.935837,0.151745,0.916608,0.533554
2020,9,0.618437,0.551425,0.711982,0.482328,0.936538,0.152769,0.916656,0.539530
2020,10,0.620850,0.565281,0.718554,0.494476,0.936714,0.152282,0.916376,0.545957
2020,11,0.621501,0.577960,0.724679,0.503873,0.939082,0.153494,0.916235,0.551590
2020,12,0.623533,0.589991,0.730438,0.504636,0.942199,0.153898,0.916233,0.555921
2021,1,0.628538,0.598825,0.737151,0.498988,0.962161,0.155302,0.938039,0.560716
2021,2,0.628518,0.596998,0.748866,0.499504,0.969284,0.155454,0.938995,0.561979
2021,3,0.631728,0.598612,0.773242,0.498676,0.973845,0.155535,0.939117,0.565962
2021,4,0.634150,0.603554,0.777928,0.495819,0.990537,0.155574,0.939373,0.568444
2021,5,0.637920,0.603789,0.787283,0.495433,0.997336,0.155757,0.939749,0.570779
2021,6,0.646033,0.604329,0.796054,0.500333,1.005952,0.156538,0.940991,0.575378
2021,7,0.654308,0.613536,0.802344,0.503771,1.007788,0.157129,0.942887,0.581272
2021,8,0.664102,0.627597,0.812354,0.511878,1.007424,0.157309,0.943285,0.589620
2021,9,0.669427,0.636257,0.823073,0.522729,1.008086,0.158549,0.943302,0.596263
2021,10,0.675681,0.641973,0.835285,0.532969,0.999629,0.159724,0.944004,0.602198
2021,11,0.678998,0.641001,0.854023,0.542923,0.995723,0.160797,0.944559,0.606530
2021,12,0.680031,0.648898,0.858317,0.546675,0.995856,0.162021,0.945849,0.610004
2022,1,0.684447,0.656628,0.867126,0.542778,0.998071,0.162808,0.989849,0.614525
2022,2,0.688736,0.671479,0.873155,0.541372,1.003173,0.164070,0.991136,0.620058
2022,3,0.694337,0.687771,0.887790,0.546571,1.004054,0.165320,0.991929,0.628008
2022,4,0.697368,0.711004,0.906068,0.555917,1.012158,0.166977,0.993419,0.638152
2022,5,0.689142,0.719159,0.913995,0.568063,1.012017,0.169131,0.994298,0.640843
2022,6,0.685237,0.725855,0.911692,0.573852,1.016787,0.171487,0.996379,0.642632
2022,7,0.687783,0.732768,0.887054,0.576848,1.026933,0.173114,1.002679,0.643657
2022,8,0.692979,0.728551,0.873657,0.583893,1.032401,0.174358,1.003791,0.644414
2022,9,0.696016,0.726950,0.858720,0.593112,1.040839,0.174943,1.004911,0.645170
2022,10,0.696108,0.733244,0.860225,0.597137,1.052712,0.176086,1.006590,0.648090
2022,11,0.695472,0.736679,0.867484,0.601361,1.065023,0.178526,1.007788,0.651155
2022,12,0.695821,0.744543,0.867812,0.605850,1.077133,0.180641,1.009051,0.654643
2023,1,0.700531,0.747218,0.874512,0.603115,1.082389,0.182521,1.065271,0.658741
2023,2,0.704777,0.749873,0.876364,0.604539,1.084057,0.184508,1.068646,0.661579
2023,3,0.704281,0.754307,0.885812,0.605573,1.087566,0.186054,1.070850,0.664135
2023,4,0.704006,0.760785,0.888881,0.605086,1.109847,0.187865,1.072531,0.666999
2023,5,0.703979,0.760703,0.888586,0.610267,1.116114,0.189429,1.073705,0.668337
2023,6,0.705774,0.754586,0.886362,0.613370,1.120914,0.190038,1.075256,0.668106
2023,7,0.706500,0.746282,0.889278,0.613793,1.126349,0.190244,1.077939,0.667190
2023,8,0.705099,0.738609,0.892043,0.612998,1.135561,0.191248,1.079292,0.665864
2023,9,0.708444,0.732862,0.897503,0.621914,1.141035,0.191771,1.079345,0.667798
2023,10,0.706258,0.738198,0.897811,0.629445,1.149154,0.191815,1.079996,0.669789
2023,11,0.706164,0.746813,0.897960,0.634336,1.158197,0.191670,1.080461,0.672694
2023,12,0.706990,0.759025,0.887653,0.637919,1.168236,0.191296,1.080710,0.675268
2024,1,0.707289,0.767323,0.890684,0.635696,1.172852,0.191749,1.125536,0.678343
2024,2,0.710641,0.775304,0.898337,0.632297,1.177131,0.191187,1.125593,0.681450
2024,3,0.711504,0.781340,0.897984,0.634477,1.180380,0.190470,1.125124,0.683223
2024,4,0.712484,0.784453,0.904670,0.635486,1.190297,0.190678,1.125293,0.685481
2024,5,0.712626,0.786672,0.904738,0.634605,1.198065,0.190554,1.125378,0.686121
2024,6,0.714757,0.791698,0.903654,0.634523,1.206663,0.190190,1.125767,0.687919
2024,7,0.717213,0.782867,0.911126,0.636736,1.213778,0.190931,1.124252,0.688314
2024,8,0.718520,0.780608,0.916773,0.639007,1.221033,0.191459,1.125638,0.689579
2024,9,0.718898,0.783661,0.914538,0.640716,1.230214,0.192023,1.126232,0.690819
2024,10,0.724821,0.794157,0.916570,0.646263,1.237569,0.192921,1.126201,0.696363
2024,11,0.727079,0.812311,0.918460,0.667227,1.242474,0.193654,1.126146,0.704534
2024,12,0.722489,0.819993,0.921647,0.676650,1.250846,0.194168,1.126405,0.706902
2025,1,0.714250,0.825523,0.931813,0.679021,1.260921,0.195113,1.177522,0.708619
2025,2,0.717002,0.829058,0.947271,0.680387,1.263478,0.195185,1.176786,0.712220
2025,3,0.725156,0.841000,0.946546,0.676295,1.267136,0.194823,1.176761,0.716612
2025,4,0.728188,0.847499,0.952330,0.673591,1.280698,0.195728,1.176767,0.719840
2025,5,0.729239,0.851470,0.956774,0.670740,1.294553,0.196637,1.177219,0.721769
2025,6,0.731403,0.845848,0.948486,0.672050,1.307232,0.197629,1.177240,0.721198
2025,7,0.735650,0.841770,0.956251,0.674253,1.316359,0.197702,1.181514,0.723240
2025,8,0.736964,0.840819,0.946963,0.678858,1.330270,0.197593,1.181613,0.723512
2025,9,0.749178,0.836470,0.956487,0.682393,1.340927,0.197526,1.181610,0.728221
2025,10,0.750824,0.839671,0.959502,0.684179,1.345951,0.197716,1.181948,0.730221
2025,11,0.748242,0.837379,0.967018,0.697468,1.340979,0.198248,1.182577,0.731683
2025,12,0.747497,0.838757,0.975963,0.703873,1.341288,0.199594,1.183067,0.734008
2026,1,0.746430,0.839692,0.980427,0.701323,1.343953,0.202142,1.243632,0.735559
2026,2,0.749278,0.843205,0.982523,0.700106,1.345390,0.202715,1.243643,0.737421
2026,3,0.750405,0.854659,0.991101,0.700403,1.350350,0.202972,1.243595,0.741795
